consumer_price_index_item,year,annual_percent_change
All food,1974,14.3
Food away from home,1974,12.7
Food at home,1974,14.9
"Meats, poultry, and fish",1974,2.2
Meats ,1974,1.8
Beef and veal,1974,2.9
Pork,1974,-0.5
Other meats,1974,3.1
Poultry,1974,-5.1
Fish and seafood,1974,15.3
Eggs,1974,0.4
Dairy products,1974,18.6
Fats and oils,1974,41.9
Fruits and vegetables,1974,16.5
Fresh fruits and vegetables,1974,7.8
Fresh fruits  ,1974,8.7
Fresh vegetables,1974,7.3
Sugar and sweets,1974,52.4
Cereals and bakery products,1974,29.9
Nonalcoholic beverages,1974,19.3
Other foods,1974,21.4
All food,1975,8.5
Food away from home,1975,9.4
Food at home,1975,8.2
"Meats, poultry, and fish",1975,8.5
Meats ,1975,8.5
Beef and veal,1975,1
Pork,1975,22.4
Other meats,1975,5.9
Poultry,1975,10.5
Fish and seafood,1975,8.5
Eggs,1975,-1.8
Dairy products,1975,3.1
Fats and oils,1975,10.7
Fruits and vegetables,1975,3.1
Fresh fruits and vegetables,1975,2.3
Fresh fruits  ,1975,6.8
Fresh vegetables,1975,-1.1
Sugar and sweets,1975,26.1
Cereals and bakery products,1975,11.3
Nonalcoholic beverages,1975,15
Other foods,1975,12.8
All food,1976,3
Food away from home,1976,6.8
Food at home,1976,2.1
"Meats, poultry, and fish",1976,0.9
Meats ,1976,0.2
Beef and veal,1976,-3.2
Pork,1976,1.3
Other meats,1976,5.9
Poultry,1976,-4.1
Fish and seafood,1976,11.7
Eggs,1976,9.2
Dairy products,1976,8.1
Fats and oils,1976,-12.5
Fruits and vegetables,1976,2.6
Fresh fruits and vegetables,1976,2.4
Fresh fruits  ,1976,-0.2
Fresh vegetables,1976,4.3
Sugar and sweets,1976,-11.3
Cereals and bakery products,1976,-2.2
Nonalcoholic beverages,1976,19.6
Other foods,1976,4.1
All food,1977,6.3
Food away from home,1977,7.6
Food at home,1977,5.9
"Meats, poultry, and fish",1977,-0.6
Meats ,1977,-2.3
Beef and veal,1977,-0.7
Pork,1977,-5.4
Other meats,1977,-0.6
Poultry,1977,0.7
Fish and seafood,1977,10.8
Eggs,1977,-3.2
Dairy products,1977,2.7
Fats and oils,1977,10.1
Fruits and vegetables,1977,9.2
Fresh fruits and vegetables,1977,13.6
Fresh fruits  ,1977,14.9
Fresh vegetables,1977,12.6
Sugar and sweets,1977,5
Cereals and bakery products,1977,1.6
Nonalcoholic beverages,1977,50.6
Other foods,1977,3.4
All food,1978,9.9
Food away from home,1978,9.1
Food at home,1978,10.5
"Meats, poultry, and fish",1978,16.7
Meats ,1978,18.6
Beef and veal,1978,22.9
Pork,1978,12.9
Other meats,1978,17.7
Poultry,1978,10.4
Fish and seafood,1978,9.4
Eggs,1978,-5.4
Dairy products,1978,6.8
Fats and oils,1978,9.6
Fruits and vegetables,1978,11.1
Fresh fruits and vegetables,1978,12.9
Fresh fruits  ,1978,19.5
Fresh vegetables,1978,8
Sugar and sweets,1978,12.3
Cereals and bakery products,1978,9
Nonalcoholic beverages,1978,5.8
Other foods,1978,8
All food,1979,11
Food away from home,1979,11.1
Food at home,1979,10.8
"Meats, poultry, and fish",1979,14.9
Meats ,1979,17
Beef and veal,1979,27.4
Pork,1979,1.6
Other meats,1979,14.7
Poultry,1979,4.9
Fish and seafood,1979,9.7
Eggs,1979,9.5
Dairy products,1979,11.6
Fats and oils,1979,7.9
Fruits and vegetables,1979,8
Fresh fruits and vegetables,1979,7.6
Fresh fruits  ,1979,12.4
Fresh vegetables,1979,3
Sugar and sweets,1979,7.8
Cereals and bakery products,1979,10
Nonalcoholic beverages,1979,5
Other foods,1979,10.1
All food,1980,8.6
Food away from home,1980,9.9
Food at home,1980,8.1
"Meats, poultry, and fish",1980,3.7
Meats ,1980,2.9
Beef and veal,1980,5.7
Pork,1980,-3.3
Other meats,1980,3.8
Poultry,1980,5.2
Fish and seafood,1980,9.2
Eggs,1980,-1.8
Dairy products,1980,9.8
Fats and oils,1980,6.7
Fruits and vegetables,1980,7.2
Fresh fruits and vegetables,1980,7.5
Fresh fruits  ,1980,6.3
Fresh vegetables,1980,8.8
Sugar and sweets,1980,23
Cereals and bakery products,1980,12
Nonalcoholic beverages,1980,10.7
Other foods,1980,10.9
All food,1981,7.8
Food away from home,1981,9
Food at home,1981,7.2
"Meats, poultry, and fish",1981,4.1
Meats ,1981,3.6
Beef and veal,1981,0.8
Pork,1981,9.3
Other meats,1981,4.3
Poultry,1981,4.1
Fish and seafood,1981,8.3
Eggs,1981,8.2
Dairy products,1981,7.2
Fats and oils,1981,10.6
Fruits and vegetables,1981,12.1
Fresh fruits and vegetables,1981,12
Fresh fruits  ,1981,5.4
Fresh vegetables,1981,18.6
Sugar and sweets,1981,8
Cereals and bakery products,1981,10
Nonalcoholic beverages,1981,4.3
Other foods,1981,10.3
All food,1982,4.1
Food away from home,1982,5.4
Food at home,1982,3.5
"Meats, poultry, and fish",1982,4.1
Meats ,1982,4.9
Beef and veal,1982,1.4
Pork,1982,12.8
Other meats,1982,3
Poultry,1982,-1.7
Fish and seafood,1982,3.6
Eggs,1982,-2.7
Dairy products,1982,1.4
Fats and oils,1982,-2.7
Fruits and vegetables,1982,5.4
Fresh fruits and vegetables,1982,5.6
Fresh fruits  ,1982,11.1
Fresh vegetables,1982,0.5
Sugar and sweets,1982,-0.2
Cereals and bakery products,1982,4.6
Nonalcoholic beverages,1982,2.7
Other foods,1982,5.2
All food,1983,2.1
Food away from home,1983,4.4
Food at home,1983,1
"Meats, poultry, and fish",1983,-0.7
Meats ,1983,-1.2
Beef and veal,1983,-1.5
Pork,1983,-0.9
Other meats,1983,-0.4
Poultry,1983,1.3
Fish and seafood,1983,1.1
Eggs,1983,4.7
Dairy products,1983,1.2
Fats and oils,1983,1.4
Fruits and vegetables,1983,0.3
Fresh fruits and vegetables,1983,-0.3
Fresh fruits  ,1983,-4.2
Fresh vegetables,1983,3.6
Sugar and sweets,1983,1.8
Cereals and bakery products,1983,3.2
Nonalcoholic beverages,1983,1.9
Other foods,1983,3.1
All food,1984,3.8
Food away from home,1984,4.2
Food at home,1984,3.7
"Meats, poultry, and fish",1984,1.7
Meats ,1984,0.3
Beef and veal,1984,1.2
Pork,1984,-1.3
Other meats,1984,0.4
Poultry,1984,10.6
Fish and seafood,1984,3.2
Eggs,1984,11.7
Dairy products,1984,1.3
Fats and oils,1984,9.4
Fruits and vegetables,1984,8.6
Fresh fruits and vegetables,1984,10.9
Fresh fruits  ,1984,11
Fresh vegetables,1984,10.9
Sugar and sweets,1984,3.9
Cereals and bakery products,1984,4.3
Nonalcoholic beverages,1984,2.5
Other foods,1984,3
All food,1985,2.3
Food away from home,1985,3.9
Food at home,1985,1.5
"Meats, poultry, and fish",1985,-0.4
Meats ,1985,-0.9
Beef and veal,1985,-2.1
Pork,1985,0.3
Other meats,1985,0.7
Poultry,1985,-1
Fish and seafood,1985,4.9
Eggs,1985,-16.6
Dairy products,1985,1.9
Fats and oils,1985,2.2
Fruits and vegetables,1985,2.6
Fresh fruits and vegetables,1985,2.6
Fresh fruits  ,1985,10.1
Fresh vegetables,1985,-4.3
Sugar and sweets,1985,2.5
Cereals and bakery products,1985,3.8
Nonalcoholic beverages,1985,2
Other foods,1985,3.3
All food,1986,3.2
Food away from home,1986,3.9
Food at home,1986,2.9
"Meats, poultry, and fish",1986,4.4
Meats ,1986,3.1
Beef and veal,1986,0.6
Pork,1986,8.2
Other meats,1986,2.6
Poultry,1986,7.5
Fish and seafood,1986,9.2
Eggs,1986,6.8
Dairy products,1986,0.1
Fats and oils,1986,-2.2
Fruits and vegetables,1986,0.9
Fresh fruits and vegetables,1986,3
Fresh fruits  ,1986,2.1
Fresh vegetables,1986,4.1
Sugar and sweets,1986,3
Cereals and bakery products,1986,2.8
Nonalcoholic beverages,1986,5.8
Other foods,1986,2.6
All food,1987,4.1
Food away from home,1987,4
Food at home,1987,4.3
"Meats, poultry, and fish",1987,6.5
Meats ,1987,7.5
Beef and veal,1987,7.6
Pork,1987,8.2
Other meats,1987,6.3
Poultry,1987,-1.4
Fish and seafood,1987,10.6
Eggs,1987,-5.9
Dairy products,1987,2.5
Fats and oils,1987,1.5
Fruits and vegetables,1987,8.9
Fresh fruits and vegetables,1987,12.2
Fresh fruits  ,1987,11.2
Fresh vegetables,1987,12.9
Sugar and sweets,1987,1.8
Cereals and bakery products,1987,3.5
Nonalcoholic beverages,1987,-2.6
Other foods,1987,4.2
All food,1988,4.1
Food away from home,1988,4.1
Food at home,1988,4.2
"Meats, poultry, and fish",1988,3.5
Meats ,1988,2.4
Beef and veal,1988,5.5
Pork,1988,-3
Other meats,1988,2.6
Poultry,1988,7.2
Fish and seafood,1988,5.8
Eggs,1988,2.3
Dairy products,1988,2.4
Fats and oils,1988,4.6
Fruits and vegetables,1988,7.6
Fresh fruits and vegetables,1988,7.3
Fresh fruits  ,1988,8.3
Fresh vegetables,1988,6.3
Sugar and sweets,1988,2.7
Cereals and bakery products,1988,6.4
Nonalcoholic beverages,1988,0
Other foods,1988,3.7
All food,1989,5.8
Food away from home,1989,4.6
Food at home,1989,6.5
"Meats, poultry, and fish",1989,5
Meats ,1989,4
Beef and veal,1989,6.4
Pork,1989,0.6
Other meats,1989,2.8
Poultry,1989,9.9
Fish and seafood,1989,4.5
Eggs,1989,26.6
Dairy products,1989,6.6
Fats and oils,1989,7.2
Fruits and vegetables,1989,7.7
Fresh fruits and vegetables,1989,8.5
Fresh fruits  ,1989,6.6
Fresh vegetables,1989,10.7
Sugar and sweets,1989,4.7
Cereals and bakery products,1989,8.4
Nonalcoholic beverages,1989,3.5
Other foods,1989,6.4
All food,1990,5.8
Food away from home,1990,4.7
Food at home,1990,6.5
"Meats, poultry, and fish",1990,7.3
Meats ,1990,10.1
Beef and veal,1990,8
Pork,1990,14.7
Other meats,1990,9.3
Poultry,1990,-0.2
Fish and seafood,1990,2.2
Eggs,1990,4.7
Dairy products,1990,9.4
Fats and oils,1990,4.2
Fruits and vegetables,1990,8
Fresh fruits and vegetables,1990,9
Fresh fruits  ,1990,12.1
Fresh vegetables,1990,5.6
Sugar and sweets,1990,4.4
Cereals and bakery products,1990,5.7
Nonalcoholic beverages,1990,2
Other foods,1990,4.5
All food,1991,2.9
Food away from home,1991,3.4
Food at home,1991,2.6
"Meats, poultry, and fish",1991,2.3
Meats ,1991,3.1
Beef and veal,1991,2.8
Pork,1991,3.3
Other meats,1991,3.7
Poultry,1991,-0.8
Fish and seafood,1991,1.1
Eggs,1991,-2.3
Dairy products,1991,-1.1
Fats and oils,1991,4.3
Fruits and vegetables,1991,4.6
Fresh fruits and vegetables,1991,8.1
Fresh fruits  ,1991,13.5
Fresh vegetables,1991,2.2
Sugar and sweets,1991,3.7
Cereals and bakery products,1991,4.1
Nonalcoholic beverages,1991,0.5
Other foods,1991,4.5
All food,1992,1.2
Food away from home,1992,2
Food at home,1992,0.7
"Meats, poultry, and fish",1992,-0.8
Meats ,1992,-1.4
Beef and veal,1992,-0.1
Pork,1992,-4.7
Other meats,1992,0.2
Poultry,1992,-0.1
Fish and seafood,1992,2.3
Eggs,1992,-10.6
Dairy products,1992,2.7
Fats and oils,1992,-1.4
Fruits and vegetables,1992,-0.3
Fresh fruits and vegetables,1992,-1.8
Fresh fruits  ,1992,-5
Fresh vegetables,1992,2.3
Sugar and sweets,1992,2.9
Cereals and bakery products,1992,3.9
Nonalcoholic beverages,1992,0.2
Other foods,1992,2.2
All food,1993,2.2
Food away from home,1993,1.8
Food at home,1993,2.4
"Meats, poultry, and fish",1993,3.3
Meats ,1993,3
Beef and veal,1993,3.6
Pork,1993,3.1
Other meats,1993,1.6
Poultry,1993,4.2
Fish and seafood,1993,3.2
Eggs,1993,8.1
Dairy products,1993,0.7
Fats and oils,1993,0.2
Fruits and vegetables,1993,2.3
Fresh fruits and vegetables,1993,4.4
Fresh fruits  ,1993,2.5
Fresh vegetables,1993,6.6
Sugar and sweets,1993,0.2
Cereals and bakery products,1993,3.4
Nonalcoholic beverages,1993,0.3
Other foods,1993,2.6
All food,1994,2.4
Food away from home,1994,1.7
Food at home,1994,2.9
"Meats, poultry, and fish",1994,1.5
Meats ,1994,0.6
Beef and veal,1994,-0.8
Pork,1994,1.7
Other meats,1994,2.4
Poultry,1994,3.4
Fish and seafood,1994,4.5
Eggs,1994,-2.4
Dairy products,1994,1.8
Fats and oils,1994,2.7
Fruits and vegetables,1994,3.8
Fresh fruits and vegetables,1994,4.5
Fresh fruits  ,1994,6.6
Fresh vegetables,1994,2.3
Sugar and sweets,1994,1.3
Cereals and bakery products,1994,4.1
Nonalcoholic beverages,1994,7.5
Other foods,1994,2.6
All food,1995,2.8
Food away from home,1995,2.3
Food at home,1995,3.3
"Meats, poultry, and fish",1995,0.9
Meats ,1995,0.1
Beef and veal,1995,-0.8
Pork,1995,0.7
Other meats,1995,1.5
Poultry,1995,1.4
Fish and seafood,1995,4.8
Eggs,1995,5.4
Dairy products,1995,0.8
Fats and oils,1995,2.8
Fruits and vegetables,1995,7.7
Fresh fruits and vegetables,1995,10.3
Fresh fruits  ,1995,8.8
Fresh vegetables,1995,12.1
Sugar and sweets,1995,1.7
Cereals and bakery products,1995,2.8
Nonalcoholic beverages,1995,6.9
Other foods,1995,2.4
All food,1996,3.3
Food away from home,1996,2.5
Food at home,1996,3.7
"Meats, poultry, and fish",1996,3.5
Meats ,1996,3.5
Beef and veal,1996,-0.3
Pork,1996,9.9
Other meats,1996,3.6
Poultry,1996,6.2
Fish and seafood,1996,0.9
Eggs,1996,17.9
Dairy products,1996,7
Fats and oils,1996,2.3
Fruits and vegetables,1996,3.5
Fresh fruits and vegetables,1996,2.8
Fresh fruits  ,1996,7
Fresh vegetables,1996,-2
Sugar and sweets,1996,4.5
Cereals and bakery products,1996,3.9
Nonalcoholic beverages,1996,-2.4
Other foods,1996,3.4
All food,1997,2.6
Food away from home,1997,2.8
Food at home,1997,2.5
"Meats, poultry, and fish",1997,2.9
Meats ,1997,3
Beef and veal,1997,1.7
Pork,1997,5.2
Other meats,1997,2.8
Poultry,1997,2.8
Fish and seafood,1997,2.3
Eggs,1997,-1.5
Dairy products,1997,2.4
Fats and oils,1997,0.9
Fruits and vegetables,1997,2
Fresh fruits and vegetables,1997,1.7
Fresh fruits  ,1997,0.8
Fresh vegetables,1997,2.9
Sugar and sweets,1997,2.9
Cereals and bakery products,1997,2.1
Nonalcoholic beverages,1997,3.7
Other foods,1997,3.2
All food,1998,2.2
Food away from home,1998,2.6
Food at home,1998,1.9
"Meats, poultry, and fish",1998,-0.8
Meats ,1998,-1.9
Beef and veal,1998,-0.2
Pork,1998,-4.7
Other meats,1998,-0.9
Poultry,1998,0.3
Fish and seafood,1998,2.6
Eggs,1998,-3.3
Dairy products,1998,3.6
Fats and oils,1998,3.7
Fruits and vegetables,1998,5.7
Fresh fruits and vegetables,1998,7.3
Fresh fruits  ,1998,4.3
Fresh vegetables,1998,10.9
Sugar and sweets,1998,1.6
Cereals and bakery products,1998,2
Nonalcoholic beverages,1998,-0.3
Other foods,1998,2.7
All food,1999,2.1
Food away from home,1999,2.5
Food at home,1999,1.9
"Meats, poultry, and fish",1999,0.7
Meats ,1999,0.5
Beef and veal,1999,2
Pork,1999,-1.8
Other meats,1999,1
Poultry,1999,0.5
Fish and seafood,1999,2
Eggs,1999,-5.4
Dairy products,1999,5.8
Fats and oils,1999,1
Fruits and vegetables,1999,2.5
Fresh fruits and vegetables,1999,2.6
Fresh fruits  ,1999,8
Fresh vegetables,1999,-3
Processed fruits and vegetables,1999,2.3
Sugar and sweets,1999,1.4
Cereals and bakery products,1999,2.2
Nonalcoholic beverages,1999,1
Other foods,1999,2.1
All food,2000,2.3
Food away from home,2000,2.4
Food at home,2000,2.3
"Meats, poultry, and fish",2000,4.5
Meats ,2000,5.9
Beef and veal,2000,6.4
Pork,2000,7.3
Other meats,2000,2.6
Poultry,2000,1.2
Fish and seafood,2000,2.8
Eggs,2000,3
Dairy products,2000,0.7
Fats and oils,2000,-0.6
Fruits and vegetables,2000,0.7
Fresh fruits and vegetables,2000,0.7
Fresh fruits  ,2000,-3
Fresh vegetables,2000,4.8
Processed fruits and vegetables,2000,1.1
Sugar and sweets,2000,1.1
Cereals and bakery products,2000,1.8
Nonalcoholic beverages,2000,2.6
Other foods,2000,2
All food,2001,3.2
Food away from home,2001,2.9
Food at home,2001,3.3
"Meats, poultry, and fish",2001,4.4
Meats ,2001,5.7
Beef and veal,2001,8.4
Pork,2001,3.8
Other meats,2001,2.9
Poultry,2001,3.2
Fish and seafood,2001,0.4
Eggs,2001,3.4
Dairy products,2001,4
Fats and oils,2001,5.6
Fruits and vegetables,2001,3.7
Fresh fruits and vegetables,2001,3.8
Fresh fruits  ,2001,2.6
Fresh vegetables,2001,5.1
Processed fruits and vegetables,2001,3.2
Sugar and sweets,2001,1.1
Cereals and bakery products,2001,2.9
Nonalcoholic beverages,2001,1
Other foods,2001,2.2
All food,2002,1.8
Food away from home,2002,2.5
Food at home,2002,1.3
"Meats, poultry, and fish",2002,0.5
Meats ,2002,0.6
Beef and veal,2002,0.1
Pork,2002,-0.4
Other meats,2002,3.5
Poultry,2002,1.3
Fish and seafood,2002,-1.6
Eggs,2002,1.3
Dairy products,2002,0.6
Fats and oils,2002,-0.2
Fruits and vegetables,2002,4.1
Fresh fruits and vegetables,2002,4.2
Fresh fruits  ,2002,1.9
Fresh vegetables,2002,6.4
Processed fruits and vegetables,2002,3.8
Sugar and sweets,2002,2.1
Cereals and bakery products,2002,2.2
Nonalcoholic beverages,2002,0
Other foods,2002,0.6
All food,2003,2.2
Food away from home,2003,2.1
Food at home,2003,2.2
"Meats, poultry, and fish",2003,4
Meats ,2003,5.4
Beef and veal,2003,9
Pork,2003,1.9
Other meats,2003,2.5
Poultry,2003,1.3
Fish and seafood,2003,1
Eggs,2003,13.8
Dairy products,2003,-0.1
Fats and oils,2003,1.3
Fruits and vegetables,2003,2.3
Fresh fruits and vegetables,2003,2.7
Fresh fruits  ,2003,3.3
Fresh vegetables,2003,2.1
Processed fruits and vegetables,2003,0.9
Sugar and sweets,2003,1.9
Cereals and bakery products,2003,2.4
Nonalcoholic beverages,2003,0.4
Other foods,2003,1
All food,2004,3.4
Food away from home,2004,3
Food at home,2004,3.8
"Meats, poultry, and fish",2004,7.4
Meats ,2004,8.4
Beef and veal,2004,11.5
Pork,2004,5.6
Other meats,2004,4.5
Poultry,2004,7.5
Fish and seafood,2004,2.3
Eggs,2004,6.2
Dairy products,2004,7.3
Fats and oils,2004,6.6
Fruits and vegetables,2004,3
Fresh fruits and vegetables,2004,3.5
Fresh fruits  ,2004,2.8
Fresh vegetables,2004,4.3
Processed fruits and vegetables,2004,1.2
Sugar and sweets,2004,0.7
Cereals and bakery products,2004,1.6
Nonalcoholic beverages,2004,0.4
Other foods,2004,0.5
All food,2005,2.4
Food away from home,2005,3.1
Food at home,2005,1.9
"Meats, poultry, and fish",2005,2.4
Meats ,2005,2.3
Beef and veal,2005,2.6
Pork,2005,2
Other meats,2005,2.4
Poultry,2005,2
Fish and seafood,2005,3
Eggs,2005,-13.7
Dairy products,2005,1.2
Fats and oils,2005,-0.1
Fruits and vegetables,2005,3.7
Fresh fruits and vegetables,2005,3.9
Fresh fruits  ,2005,3.7
Fresh vegetables,2005,4
Processed fruits and vegetables,2005,3.3
Sugar and sweets,2005,1.2
Cereals and bakery products,2005,1.5
Nonalcoholic beverages,2005,2.8
Other foods,2005,1.6
All food,2006,2.4
Food away from home,2006,3.1
Food at home,2006,1.7
"Meats, poultry, and fish",2006,0.8
Meats ,2006,0.7
Beef and veal,2006,0.8
Pork,2006,-0.2
Other meats,2006,1.8
Poultry,2006,-1.8
Fish and seafood,2006,4.7
Eggs,2006,4.9
Dairy products,2006,-0.5
Fats and oils,2006,0.2
Fruits and vegetables,2006,4.8
Fresh fruits and vegetables,2006,5.3
Fresh fruits  ,2006,6
Fresh vegetables,2006,4.6
Processed fruits and vegetables,2006,2.9
Sugar and sweets,2006,3.8
Cereals and bakery products,2006,1.8
Nonalcoholic beverages,2006,2.1
Other foods,2006,1.4
All food,2007,4
Food away from home,2007,3.6
Food at home,2007,4.2
"Meats, poultry, and fish",2007,3.8
Meats ,2007,3.3
Beef and veal,2007,4.4
Pork,2007,2
Other meats,2007,2.3
Poultry,2007,5.1
Fish and seafood,2007,4.6
Eggs,2007,29.2
Dairy products,2007,7.4
Fats and oils,2007,2.9
Fruits and vegetables,2007,3.8
Fresh fruits and vegetables,2007,3.9
Fresh fruits  ,2007,4.5
Fresh vegetables,2007,3.2
Processed fruits and vegetables,2007,3.6
Sugar and sweets,2007,3.1
Cereals and bakery products,2007,4.4
Nonalcoholic beverages,2007,4.1
Other foods,2007,1.8
All food,2008,5.5
Food away from home,2008,4.4
Food at home,2008,6.4
"Meats, poultry, and fish",2008,4.2
Meats ,2008,3.5
Beef and veal,2008,4.5
Pork,2008,2.3
Other meats,2008,3.1
Poultry,2008,5
Fish and seafood,2008,5.9
Eggs,2008,14
Dairy products,2008,8
Fats and oils,2008,13.8
Fruits and vegetables,2008,6.2
Fresh fruits and vegetables,2008,5.2
Fresh fruits  ,2008,4.8
Fresh vegetables,2008,5.6
Processed fruits and vegetables,2008,9.5
Sugar and sweets,2008,5.5
Cereals and bakery products,2008,10.2
Nonalcoholic beverages,2008,4.3
Other foods,2008,5.2
All food,2009,1.8
Food away from home,2009,3.5
Food at home,2009,0.5
"Meats, poultry, and fish",2009,0.5
Meats ,2009,-0.6
Beef and veal,2009,-1
Pork,2009,-2
Other meats,2009,2.3
Poultry,2009,1.7
Fish and seafood,2009,3.6
Eggs,2009,-14.7
Dairy products,2009,-6.4
Fats and oils,2009,2.3
Fruits and vegetables,2009,-2.1
Fresh fruits and vegetables,2009,-4.8
Fresh fruits  ,2009,-6.1
Fresh vegetables,2009,-3.4
Processed fruits and vegetables,2009,6.6
Sugar and sweets,2009,5.6
Cereals and bakery products,2009,3.2
Nonalcoholic beverages,2009,1.9
Other foods,2009,3.7
All food,2010,0.8
Food away from home,2010,1.3
Food at home,2010,0.3
"Meats, poultry, and fish",2010,1.9
Meats ,2010,2.8
Beef and veal,2010,2.9
Pork,2010,4.7
Other meats,2010,-0.1
Poultry,2010,-0.1
Fish and seafood,2010,1.1
Eggs,2010,1.5
Dairy products,2010,1.1
Fats and oils,2010,-0.3
Fruits and vegetables,2010,0.2
Fresh fruits and vegetables,2010,0.7
Fresh fruits  ,2010,-0.6
Fresh vegetables,2010,2
Processed fruits and vegetables,2010,-1.3
Sugar and sweets,2010,2.2
Cereals and bakery products,2010,-0.8
Nonalcoholic beverages,2010,-0.9
Other foods,2010,-0.5
All food,2011,3.7
Food away from home,2011,2.3
Food at home,2011,4.8
"Meats, poultry, and fish",2011,7.4
Meats ,2011,8.8
Beef and veal,2011,10.2
Pork,2011,8.5
Other meats,2011,6.4
Poultry,2011,2.9
Fish and seafood,2011,7.1
Eggs,2011,9.2
Dairy products,2011,6.8
Fats and oils,2011,9.3
Fruits and vegetables,2011,4.1
Fresh fruits and vegetables,2011,4.5
Fresh fruits  ,2011,3.3
Fresh vegetables,2011,5.6
Processed fruits and vegetables,2011,2.9
Sugar and sweets,2011,3.3
Cereals and bakery products,2011,3.9
Nonalcoholic beverages,2011,3.2
Other foods,2011,2.3
All food,2012,2.6
Food away from home,2012,2.8
Food at home,2012,2.5
"Meats, poultry, and fish",2012,3.6
Meats ,2012,3.4
Beef and veal,2012,6.4
Pork,2012,0.3
Other meats,2012,1.7
Poultry,2012,5.5
Fish and seafood,2012,2.4
Eggs,2012,3.2
Dairy products,2012,2.1
Fats and oils,2012,6.1
Fruits and vegetables,2012,-0.6
Fresh fruits and vegetables,2012,-2
Fresh fruits  ,2012,1
Fresh vegetables,2012,-5.1
Processed fruits and vegetables,2012,3.8
Sugar and sweets,2012,3.3
Cereals and bakery products,2012,2.8
Nonalcoholic beverages,2012,1.1
Other foods,2012,3.5
All food,2013,1.4
Food away from home,2013,2.1
Food at home,2013,0.9
"Meats, poultry, and fish",2013,2.1
Meats ,2013,1.2
Beef and veal,2013,2
Pork,2013,0.9
Other meats,2013,-0.1
Poultry,2013,4.7
Fish and seafood,2013,2.5
Eggs,2013,3.3
Dairy products,2013,0.1
Fats and oils,2013,-1.4
Fruits and vegetables,2013,2.5
Fresh fruits and vegetables,2013,3.3
Fresh fruits  ,2013,2
Fresh vegetables,2013,4.7
Processed fruits and vegetables,2013,0.3
Sugar and sweets,2013,-1.7
Cereals and bakery products,2013,1
Nonalcoholic beverages,2013,-1
Other foods,2013,0.5
All food,2014,2.4
Food away from home,2014,2.4
Food at home,2014,2.4
"Meats, poultry, and fish",2014,7.2
Meats ,2014,9.2
Beef and veal,2014,12.1
Pork,2014,9.1
Other meats,2014,3.9
Poultry,2014,2
Fish and seafood,2014,5.8
Eggs,2014,8.4
Dairy products,2014,3.6
Fats and oils,2014,0.1
Fruits and vegetables,2014,1.5
Fresh fruits and vegetables,2014,1.9
Fresh fruits  ,2014,4.8
Fresh vegetables,2014,-1.3
Processed fruits and vegetables,2014,0.1
Sugar and sweets,2014,-0.8
Cereals and bakery products,2014,0.2
Nonalcoholic beverages,2014,-0.5
Other foods,2014,1
All food,2015,1.9
Food away from home,2015,2.9
Food at home,2015,1.2
"Meats, poultry, and fish",2015,1.9
Meats ,2015,3
Beef and veal,2015,7.2
Pork,2015,-3.9
Other meats,2015,4.1
Poultry,2015,0.4
Fish and seafood,2015,-0.9
Eggs,2015,17.8
Dairy products,2015,-1.3
Fats and oils,2015,-1
Fruits and vegetables,2015,-0.2
Fresh fruits and vegetables,2015,-0.5
Fresh fruits  ,2015,-2.2
Fresh vegetables,2015,1.6
Processed fruits and vegetables,2015,0.7
Sugar and sweets,2015,3.2
Cereals and bakery products,2015,1.1
Nonalcoholic beverages,2015,1.1
Other foods,2015,1.6
All food,2016,0.3
Food away from home,2016,2.6
Food at home,2016,-1.3
"Meats, poultry, and fish",2016,-3.5
Meats ,2016,-4.4
Beef and veal,2016,-6.3
Pork,2016,-4.1
Other meats,2016,-0.9
Poultry,2016,-2.7
Fish and seafood,2016,-0.7
Eggs,2016,-21.1
Dairy products,2016,-2.3
Fats and oils,2016,-0.6
Fruits and vegetables,2016,0.8
Fresh fruits and vegetables,2016,1.2
Fresh fruits  ,2016,2.2
Fresh vegetables,2016,0
Processed fruits and vegetables,2016,-0.3
Sugar and sweets,2016,-0.4
Cereals and bakery products,2016,-0.3
Nonalcoholic beverages,2016,-0.4
Other foods,2016,0.3
All food,2017,0.9
Food away from home,2017,2.3
Food at home,2017,-0.2
"Meats, poultry, and fish",2017,-0.1
Meats ,2017,-0.6
Beef and veal,2017,-1.2
Pork,2017,0.6
Other meats,2017,-0.9
Poultry,2017,0.2
Fish and seafood,2017,1.2
Eggs,2017,-9.5
Dairy products,2017,0.1
Fats and oils,2017,0.8
Fruits and vegetables,2017,-0.2
Fresh fruits and vegetables,2017,0.2
Fresh fruits  ,2017,0.5
Fresh vegetables,2017,-0.1
Processed fruits and vegetables,2017,-1.6
Sugar and sweets,2017,-0.1
Cereals and bakery products,2017,-0.5
Nonalcoholic beverages,2017,0.2
Other foods,2017,0.1
All food,2018,1.4
Food away from home,2018,2.6
Food at home,2018,0.4
"Meats, poultry, and fish",2018,0.7
Meats ,2018,0.4
Beef and veal,2018,1.4
Pork,2018,-0.4
Other meats,2018,-0.4
Poultry,2018,0.3
Fish and seafood,2018,2.1
Eggs,2018,10.8
Dairy products,2018,-0.5
Fats and oils,2018,0.1
Fruits and vegetables,2018,0.7
Fresh fruits and vegetables,2018,1.1
Fresh fruits  ,2018,1
Fresh vegetables,2018,1.1
Processed fruits and vegetables,2018,-0.6
Sugar and sweets,2018,0.4
Cereals and bakery products,2018,0.4
Nonalcoholic beverages,2018,0
Other foods,2018,0.1
All food,2019,1.9
Food away from home,2019,3.1
Food at home,2019,0.9
"Meats, poultry, and fish",2019,1
Meats ,2019,1.3
Beef and veal,2019,1.6
Pork,2019,1.2
Other meats,2019,0.9
Poultry,2019,-0.3
Fish and seafood,2019,1.6
Eggs,2019,-10
Dairy products,2019,1
Fats and oils,2019,-0.7
Fruits and vegetables,2019,1
Fresh fruits and vegetables,2019,1
Fresh fruits  ,2019,-1.4
Fresh vegetables,2019,3.8
Processed fruits and vegetables,2019,1.1
Sugar and sweets,2019,2
Cereals and bakery products,2019,1.4
Nonalcoholic beverages,2019,1.9
Other foods,2019,0.3
All food,2020,3.4
Food away from home,2020,3.4
Food at home,2020,3.5
"Meats, poultry, and fish",2020,6.3
Meats ,2020,7.4
Beef and veal,2020,9.6
Pork,2020,6.3
Other meats,2020,4.4
Poultry,2020,5.6
Fish and seafood,2020,3.3
Eggs,2020,4.3
Dairy products,2020,4.4
Fats and oils,2020,1.3
Fruits and vegetables,2020,1.4
Fresh fruits and vegetables,2020,0.8
Fresh fruits  ,2020,-0.8
Fresh vegetables,2020,2.6
Processed fruits and vegetables,2020,3.5
Sugar and sweets,2020,3.3
Cereals and bakery products,2020,2.2
Nonalcoholic beverages,2020,3.6
Other foods,2020,3.1
All food,2021,3.9
Food away from home,2021,4.5
Food at home,2021,3.5
"Meats, poultry, and fish",2021,6.8
Meats ,2021,7.7
Beef and veal,2021,9.3
Pork,2021,8.6
Other meats,2021,2.9
Poultry,2021,5.1
Fish and seafood,2021,5.4
Eggs,2021,4.5
Dairy products,2021,1.4
Fats and oils,2021,4.6
Fruits and vegetables,2021,3.3
Fresh fruits and vegetables,2021,3.3
Fresh fruits  ,2021,5.5
Fresh vegetables,2021,1.1
Processed fruits and vegetables,2021,2.9
Sugar and sweets,2021,3
Cereals and bakery products,2021,2.3
Nonalcoholic beverages,2021,2.8
Other foods,2021,2.2
